code_cim_10_cma;num_liste_exclusion_de_la_cma
A000;525
A001;525
A009;525
A010;525
A011;525
A012;525
A013;525
A014;525
A020;525
A021;557
A022;525
A028;525
A029;525
A030;525
A031;525
A032;525
A033;525
A038;525
A039;525
A040;360
A041;360
A042;360
A043;223
A044;67
A045;67
A046;360
A047;164
A051;180
A052;525
A060;160
A061;160
A062;160
A063;160
A064;403
A065;323
A066;871
A067;914
A068;525
A069;679
A070;525
A071;525
A072;525
A073;525
A078;525
A079;525
A080;126
A081;126
A082;126
A083;126
A085;126
A090;85
A150;909
A151;909
A152;909
A153;909
A154;909
A155;909
A156;909
A157;909
A158;909
A159;909
A160;909
A161;909
A162;909
A163;909
A164;909
A165;909
A167;909
A168;909
A169;909
A170;608
A171;608
A178;608
A179;608
A180;10
A181;804
A182;825
A183;552
A184;567
A185;973
A186;990
A187;445
A188;297
A190;309
A191;309
A192;309
A198;309
A199;309
A203;791
A217;502
A227;401
A241;401
A250;502
A251;502
A259;502
A260;967
A267;401
A268;502
A269;967
A270;606
A278;502
A279;606
A300;81
A301;81
A302;81
A303;81
A304;81
A305;81
A308;81
A309;81
A310;412
A311;968
A318;299
A319;1016
A320;581
A321;277
A327;401
A328;1040
A329;513
A33;1040
A34;1040
A35;1040
A370;196
A371;196
A378;196
A379;196
A390;451
A391;86
A392;998
A393;998
A394;998
A395;998
A398;315
A399;592
A400;271
A401;271
A402;271
A403;271
A408;271
A409;271
A410;802
A411;802
A412;802
A413;802
A414;902
A415;902
A418;902
A419;396
A427;911
A430;142
A431;581
A438;1040
A439;155
A440;1040
A441;581
A448;1040
A449;581
A46;283
A480;1027
A481;142
A482;1040
A483;264
A484;1040
A488;1040
A490;343
A491;524
A492;157
A493;613
A498;800
A500;272
A501;272
A502;272
A503;545
A504;1
A505;272
A506;272
A507;444
A509;444
A510;429
A511;36
A512;272
A513;242
A514;272
A515;272
A519;169
A520;652
A521;952
A522;140
A523;952
A527;652
A528;652
A529;952
A530;863
A539;863
A540;1012
A541;1012
A542;1012
A544;885
A560;20
A561;20
A562;20
A590;20
A598;177
A599;20
A600;211
A601;465
A609;291
A750;610
A751;610
A752;610
A753;610
A759;610
A770;610
A771;610
A772;610
A773;610
A778;610
A779;610
A78;610
A790;610
A791;610
A798;610
A799;1033
A810;143
A811;807
A812;807
A818;807
A819;143
A820;882
A821;882
A829;882
A830;227
A831;227
A832;227
A833;227
A834;227
A835;227
A836;227
A838;227
A839;227
A840;227
A841;227
A848;227
A849;227
A850;227
A851;227
A852;227
A858;227
A86;112
A870;1026
A871;1026
A872;1026
A878;1026
A879;1026
A920;437
A925;437
A970;437
A971;437
A972;437
A979;437
B000;619
B001;619
B002;461
B003;805
B004;258
B005;472
B007;629
B008;675
B009;394
B010;782
B011;922
B020;1036
B021;328
B022;38
B023;472
B027;130
B028;130
B029;520
B050;793
B051;346
B060;254
B220;166
B222;420
B250;781
B251;842
B252;259
B258;760
B259;415
B260;670
B261;923
B262;13
B263;810
B268;421
B269;161
B360;856
B361;856
B362;856
B363;856
B368;856
B369;856
B370;809
B371;452
B372;879
B373;689
B374;689
B375;762
B376;73
B377;663
B378;880
B379;571
B380;249
B381;354
B382;354
B383;617
B384;627
B387;572
B388;572
B389;765
B390;624
B391;624
B392;624
B393;311
B394;624
B395;311
B399;624
B400;624
B401;624
B402;624
B403;783
B407;311
B408;1007
B409;1008
B410;624
B417;311
B418;1007
B419;624
B420;624
B421;783
B427;1007
B428;1007
B429;1008
B430;617
B431;627
B432;572
B438;572
B439;389
B440;354
B441;354
B442;843
B447;572
B448;843
B449;601
B450;354
B451;627
B452;617
B453;572
B457;572
B458;572
B459;765
B460;624
B461;1007
B462;657
B463;783
B464;1007
B465;375
B468;1007
B469;375
B470;1007
B471;1007
B479;1007
B480;1007
B481;1007
B482;1007
B483;1007
B484;1007
B485;1013
B487;1007
B488;739
B500;301
B508;433
B510;433
B518;433
B520;433
B528;433
B550;433
B560;19
B561;19
B569;19
B570;19
B571;19
B572;1045
B573;19
B574;1045
B575;19
B582;327
B600;433
B601;433
B602;634
B6080;433
B6088;433
B660;405
B661;405
B662;405
B663;405
B664;544
B665;330
B668;405
B669;839
B670;22
B671;367
B672;456
B673;22
B674;52
B675;22
B676;22
B677;22
B678;22
B679;52
B680;111
B681;111
B689;111
B690;726
B691;477
B698;483
B699;275
B700;989
B701;989
B710;111
B711;111
B718;111
B719;111
B72;989
B73;989
B740;250
B741;250
B742;250
B743;250
B744;250
B748;250
B749;250
B75;989
B760;111
B761;111
B768;111
B769;111
B780;22
B781;22
B787;22
B789;22
B830;274
B831;274
B832;274
B833;436
B834;274
B838;274
B850;423
B851;423
B852;423
B853;423
B854;423
B86;423
B870;893
B871;893
B872;448
B873;209
B874;209
B878;812
B879;21
B950;247
B951;152
B952;481
B953;278
B954;72
B955;485
B956;569
B957;364
B958;956
B961;1009
B962;969
B963;932
B964;98
B965;642
B966;1046
B967;1009
B9680;869
B9681;869
C01;878
C030;878
C031;878
C039;878
C040;878
C041;878
C048;878
C049;878
C050;878
C051;878
C052;878
C058;878
C059;878
C060;878
C061;878
C062;878
C068;878
C069;896
C07;878
C080;878
C081;878
C088;878
C089;878
C100;878
C101;878
C102;878
C103;878
C104;878
C108;878
C109;878
C110;878
C111;878
C112;878
C113;878
C118;878
C119;878
C12;878
C130;878
C131;878
C132;878
C138;878
C139;878
C142;878
C148;878
C161;913
C162;913
C163;913
C164;913
C165;913
C166;913
C168;913
C169;2
C171;913
C172;913
C173;913
C178;913
C180;995
C181;995
C182;995
C183;995
C184;995
C185;995
C188;995
C19;995
C20;801
C210;286
C211;286
C212;286
C218;286
C220;1014
C221;1014
C23;120
C240;120
C241;120
C248;120
C249;120
C250;151
C251;151
C252;151
C253;151
C254;151
C254;2
C257;151
C258;151
C259;151
C259;2
C260;774
C261;120
C268;774
C300;30
C301;30
C310;30
C311;30
C312;30
C313;30
C318;30
C319;30
C410;137
C411;961
C412;137
C413;137
C414;137
C418;137
C419;961
C440;850
C442;850
C444;850
C445;850
C447;850
C448;850
C460;74
C461;74
C462;425
C463;74
C4670;450
C4671;519
C4672;927
C4678;7
C468;74
C469;363
C480;74
C481;576
C482;576
C488;576
C490;1038
C491;74
C492;74
C4930;565
C4938;565
C4940;661
C4948;661
C4950;101
C4958;101
C496;240
C498;74
C499;400
C510;797
C511;797
C512;797
C518;797
C519;797
C52;797
C530;797
C531;797
C538;797
C539;797
C540;797
C541;797
C542;797
C543;797
C548;797
C549;797
C55;797
C56;266
C570;797
C571;797
C572;797
C573;797
C574;797
C577;797
C578;797
C579;266
C58;797
C600;795
C601;795
C602;795
C608;795
C609;795
C64;668
C65;727
C680;906
C681;906
C688;906
C689;241
C700;858
C701;858
C709;858
C710;479
C711;479
C712;479
C713;479
C714;479
C715;479
C716;479
C717;479
C718;479
C719;479
C720;929
C721;929
C722;929
C723;929
C724;929
C725;929
C728;929
C729;479
C770;921
C771;921
C772;921
C773;921
C774;921
C775;921
C778;921
C779;921
C781;904
C782;511
C783;352
C784;495
C785;495
C786;495
C787;941
C788;361
C790;349
C791;174
C792;349
C793;817
C794;982
C795;435
C796;349
C797;349
C798;349
C840;570
C841;570
C844;570
C845;570
C846;570
C847;570
C848;570
C849;570
C860;687
C861;687
C862;687
C863;687
C864;687
C865;687
C866;687
C900;194
C901;873
C902;873
C903;873
C920;867
C922;867
C925;867
C930;262
C931;262
C933;262
C937;262
C939;262
C940;731
C942;262
C944;262
C946;262
D070;150
D071;150
D150;835
D151;757
D152;835
D157;835
D159;835
D320;685
D321;685
D329;685
D330;768
D331;768
D332;768
D334;248
D351;848
D381;980
D382;980
D383;980
D384;980
D410;469
D411;469
D412;469
D413;469
D417;469
D420;671
D421;671
D429;671
D430;680
D431;680
D432;680
D433;680
D434;680
D437;680
D439;680
D441;132
D4440;132
D460;953
D461;953
D462;953
D464;953
D465;953
D466;953
D467;953
D469;953
D470;350
D471;350
D472;517
D474;350
D500;999
D501;999
D508;999
D509;999
D510;374
D511;374
D512;374
D513;374
D518;374
D519;374
D520;374
D521;374
D528;374
D529;374
D530;284
D531;284
D532;284
D538;284
D539;125
D590;374
D591;374
D592;374
D593;374
D594;374
D595;374
D596;374
D598;374
D599;374
D600;163
D601;163
D608;163
D609;163
D610;414
D611;392
D612;414
D613;414
D618;414
D619;392
D62;854
D630;621
D638;916
D640;432
D641;432
D642;432
D643;432
D644;432
D648;432
D65;851
D66;49
D683;945
D684;566
D70;422
D71;673
D721;298
D732;457
D733;737
D735;737
D740;298
D748;298
D749;298
D761;298
D762;298
D801;985
D810;808
D811;808
D812;808
D813;985
D814;985
D815;985
D816;985
D817;985
D818;985
D819;808
D890;1041
D891;719
D892;719
D893;253
D898;199
E035;540
E050;158
E051;158
E052;158
E053;158
E054;158
E055;158
E058;158
E059;158
E100;226
E101;226
E102;942
E103;287
E104;630
E105;696
E106;226
E107;226
E108;1018
E1100;1022
E1108;226
E1110;1022
E1118;226
E1120;1022
E1128;226
E1130;770
E1138;287
E1140;702
E1148;630
E1150;894
E1160;122
E1170;122
E1180;741
E1190;799
E120;226
E121;226
E122;226
E123;287
E124;630
E125;696
E126;226
E127;226
E128;799
E131;226
E132;226
E133;287
E134;630
E135;696
E136;226
E137;226
E141;226
E142;942
E143;287
E144;630
E15;390
E160;992
E161;251
E162;439
E200;578
E201;578
E208;578
E209;578
E210;535
E211;535
E212;535
E213;535
E214;535
E222;575
E232;712
E270;556
E271;379
E272;577
E273;577
E274;379
E275;556
E278;577
E340;307
E341;419
E342;419
E345;419
E40;28
E41;28
E42;28
E43;28
E440;718
E441;718
E45;28
E46;718
E500;585
E501;585
E502;585
E503;585
E504;585
E505;585
E506;585
E507;585
E508;232
E509;585
E511;232
E512;500
E518;263
E519;694
E52;263
E530;232
E531;232
E538;232
E539;232
E54;428
E550;232
E559;232
E560;232
E561;674
E568;232
E569;669
E6606;960
E6607;960
E6616;960
E6617;960
E6626;960
E6627;960
E6629;960
E6686;960
E6687;960
E6696;960
E6697;960
E8350;546
E8351;546
E840;256
E841;256
E848;256
E849;256
E86;146
E8700;747
E8708;747
E8710;780
E8718;780
E872;747
E874;747
E8750;747
E8758;747
E8760;118
E880;964
E883;493
F000;588
F0000;588
F00000;588
F00001;588
F00002;588
F0001;588
F00010;588
F00011;588
F00012;588
F0002;588
F00020;588
F00021;588
F00022;588
F0003;588
F00030;588
F00031;588
F00032;588
F0004;588
F00040;588
F00041;588
F00042;588
F001;588
F0010;588
F00100;588
F00101;588
F00102;588
F0011;588
F00110;588
F00111;588
F00112;588
F0012;588
F00120;588
F00121;588
F00122;588
F0013;588
F00130;588
F00131;588
F00132;588
F0014;588
F00140;588
F00141;588
F00142;588
F002;588
F0020;588
F00200;588
F00201;588
F00202;588
F0021;588
F00210;588
F00211;588
F00212;588
F0022;588
F00220;588
F00221;588
F00222;588
F0023;588
F00230;588
F00231;588
F00232;588
F0024;588
F00240;588
F00241;588
F00242;588
F009;588
F0090;588
F00900;588
F00901;588
F00902;588
F0091;588
F00910;588
F00911;588
F00912;588
F0092;588
F00920;588
F00921;588
F00922;588
F0093;588
F00930;588
F00931;588
F00932;588
F0094;588
F00940;588
F00941;588
F00942;588
F010;954
F0100;954
F01000;954
F01001;954
F01002;954
F0101;954
F01010;954
F01011;954
F01012;954
F0102;954
F01020;954
F01021;954
F01022;954
F0103;954
F01030;954
F01031;954
F01032;954
F0104;954
F01040;954
F01041;954
F01042;954
F011;954
F0110;954
F01100;954
F01101;954
F01102;954
F0111;954
F01110;954
F01111;954
F01112;954
F0112;954
F01120;954
F01121;954
F01122;954
F0113;954
F01130;954
F01131;954
F01132;954
F0114;954
F01140;954
F01141;954
F01142;954
F012;954
F0120;954
F01200;954
F01201;954
F01202;954
F0121;954
F01210;954
F01211;954
F01212;954
F0122;954
F01220;954
F01221;954
F01222;954
F0123;954
F01230;954
F01231;954
F01232;954
F0124;954
F01240;954
F01241;954
F01242;954
F013;954
F0130;954
F01300;954
F01301;954
F01302;954
F0131;954
F01310;954
F01311;954
F01312;954
F0132;954
F01320;954
F01321;954
F01322;954
F0133;954
F01330;954
F01331;954
F01332;954
F0134;954
F01340;954
F01341;954
F01342;954
F018;954
F0180;954
F01800;954
F01801;954
F01802;954
F0181;954
F01810;954
F01811;954
F01812;954
F0182;954
F01820;954
F01821;954
F01822;954
F0183;954
F01830;954
F01831;954
F01832;954
F0184;954
F01840;954
F01841;954
F01842;954
F019;954
F0190;954
F01900;954
F01901;954
F01902;954
F0191;954
F01910;954
F01911;954
F01912;954
F0192;954
F01920;954
F01921;954
F01922;954
F0193;954
F01930;954
F01931;954
F01932;954
F0194;954
F01940;954
F01941;954
F01942;954
F020;588
F0200;588
F02000;588
F02001;588
F02002;588
F0201;588
F02010;588
F02011;588
F02012;588
F0202;588
F02020;588
F02021;588
F02022;588
F0203;588
F02030;588
F02031;588
F02032;588
F0204;588
F02040;588
F02041;588
F02042;588
F021;821
F0210;821
F02100;821
F02101;821
F02102;821
F0211;821
F02110;821
F02111;821
F02112;821
F0212;821
F02120;821
F02121;821
F02122;821
F0213;821
F02130;821
F02131;821
F02132;821
F0214;821
F02140;821
F02141;821
F02142;821
F022;815
F0220;815
F02200;815
F02201;815
F02202;815
F0221;815
F02210;815
F02211;815
F02212;815
F0222;815
F02220;815
F02221;815
F02222;815
F0223;815
F02230;815
F02231;815
F02232;815
F0224;815
F02240;815
F02241;815
F02242;815
F023;588
F0230;588
F02300;588
F02301;588
F02302;588
F0231;588
F02310;588
F02311;588
F02312;588
F0232;588
F02320;588
F02321;588
F02322;588
F0233;588
F02330;588
F02331;588
F02332;588
F0234;588
F02340;588
F02341;588
F02342;588
F024;409
F0240;409
F02400;409
F02401;409
F02402;409
F0241;409
F02410;409
F02411;409
F02412;409
F0242;409
F02420;409
F02421;409
F02422;409
F0243;409
F02430;409
F02431;409
F02432;409
F0244;409
F02440;409
F02441;409
F02442;409
F028;745
F0280;745
F02800;745
F02801;745
F02802;745
F0281;745
F02810;745
F02811;745
F02812;745
F0282;745
F02820;745
F02821;745
F02822;745
F0283;745
F02830;745
F02831;745
F02832;745
F0284;745
F02840;745
F02841;745
F02842;745
F03;117
F03;2
F04;306
F050;940
F051;940
F058;940
F059;940
F060;588
F061;588
F062;588
F063;588
F0630;588
F0631;588
F0632;588
F0633;588
F064;588
F065;588
F066;588
F067;588
F0670;588
F0671;588
F068;588
F069;588
F070;188
F071;188
F078;188
F1003;292
F103;292
F1030;292
F1031;292
F104;339
F1040;339
F1041;339
F105;339
F1050;339
F1051;339
F1052;339
F1053;339
F1054;339
F1055;339
F1056;339
F106;339
F107;339
F1070;339
F1071;339
F1072;339
F1073;339
F1074;339
F1075;339
F111;8
F113;8
F1130;8
F1131;8
F114;8
F1140;8
F1141;8
F115;8
F1150;8
F1151;8
F1152;8
F1153;8
F1154;8
F1155;8
F1156;8
F116;8
F117;8
F1170;8
F1171;8
F1172;8
F1173;8
F1174;8
F1175;8
F118;8
F133;464
F1330;464
F1331;464
F134;464
F1340;464
F1341;464
F135;464
F1350;464
F1351;464
F1352;464
F1353;464
F1354;464
F1355;464
F1356;464
F136;464
F137;464
F1370;464
F1371;464
F1372;464
F1373;464
F1374;464
F1375;464
F200;212
F2000;212
F2001;212
F2002;212
F2003;212
F2004;212
F2005;212
F2008;212
F2009;212
F201;212
F2010;212
F2011;212
F2012;212
F2013;212
F2014;212
F2015;212
F2018;212
F2019;212
F202;446
F2020;446
F2021;446
F2022;446
F2023;446
F2024;446
F2025;446
F2028;446
F2029;446
F203;212
F2030;212
F2031;212
F2032;212
F2033;212
F2034;212
F2035;212
F2038;212
F2039;212
F204;212
F2040;212
F2041;212
F2042;212
F2043;212
F2044;212
F2045;212
F2048;212
F2049;212
F205;212
F2050;212
F2051;212
F2052;212
F2053;212
F2054;212
F2055;212
F2058;212
F2059;212
F206;212
F2060;212
F2061;212
F2062;212
F2063;212
F2064;212
F2065;212
F2068;212
F2069;212
F208;212
F2080;212
F2081;212
F2082;212
F2083;212
F2084;212
F2085;212
F2088;212
F2089;212
F209;446
F2090;446
F2091;446
F2092;446
F2093;446
F2094;446
F2095;446
F2098;446
F2099;446
F21;212
F220;212
F228;212
F229;212
F230;614
F2300;614
F2301;614
F231;614
F2310;614
F2311;614
F232;614
F2320;614
F2321;614
F233;614
F2330;614
F2331;614
F238;614
F2380;614
F2381;614
F239;614
F2390;614
F2391;614
F24;212
F250;53
F2500;53
F2501;53
F251;53
F2510;53
F2511;53
F252;53
F2520;53
F2521;53
F258;53
F2580;53
F2581;53
F259;53
F2590;53
F2591;53
F28;212
F29;353
F300;212
F301;212
F302;446
F3020;446
F3021;446
F308;212
F309;446
F310;212
F311;212
F312;212
F3120;212
F3121;212
F314;212
F315;212
F3150;212
F3151;212
F316;212
F318;212
F322;446
F323;446
F3230;446
F3231;446
F331;446
F3310;446
F3311;446
F332;446
F333;446
F3330;446
F3331;446
F412;446
F420;212
F421;212
F422;212
F428;212
F429;212
F431;165
F440;876
F441;876
F442;958
F443;876
F444;876
F445;589
F446;876
F447;876
F448;876
F4480;876
F4481;876
F4482;876
F4488;876
F449;290
F450;948
F451;948
F452;948
F454;948
F481;212
F500;637
F501;637
F531;212
F600;212
F601;212
F602;212
F6030;212
F6031;212
F604;212
F605;212
F61;212
F61;2
F630;212
F631;212
F632;212
F633;212
F638;212
F639;212
F720;204
F721;204
F728;204
F729;204
F730;204
F731;204
F738;204
F739;204
F940;212
F941;212
F942;212
G000;201
G001;201
G002;201
G003;201
G008;201
G009;201
G01;758
G020;975
G021;975
G028;975
G030;975
G031;975
G032;975
G038;975
G039;2
G040;233
G041;233
G042;233
G048;233
G049;233
G050;84
G051;64
G052;64
G058;64
G060;594
G061;594
G062;594
G07;594
G08;900
G10;348
G110;514
G111;514
G112;514
G113;547
G114;514
G118;514
G119;547
G122;273
G20;252
G210;205
G211;548
G212;548
G213;548
G214;548
G218;548
G219;548
G22;789
G230;789
G231;789
G232;789
G233;789
G238;789
G239;789
G250;303
G251;303
G252;303
G253;303
G254;303
G255;303
G256;303
G258;303
G259;303
G26;789
G300;492
G301;492
G308;492
G309;492
G310;888
G311;951
G312;515
G318;888
G319;198
G320;984
G328;984
G370;563
G371;563
G372;563
G373;563
G374;563
G375;563
G378;563
G379;563
G406;759
G407;759
G410;26
G411;26
G412;26
G418;195
G419;26
G450;417
G451;27
G452;267
G458;686
G460;930
G461;930
G462;930
G463;930
G464;930
G465;930
G466;930
G467;930
G468;930
G520;862
G521;386
G523;862
G527;386
G528;386
G530;373
G531;635
G532;530
G533;503
G538;503
G550;664
G570;582
G572;217
G573;217
G574;217
G590;887
G610;841
G620;276
G621;377
G622;595
G628;846
G632;898
G633;681
G634;149
G720;824
G721;154
G722;824
G732;832
G734;919
G800;505
G801;505
G802;505
G803;499
G804;499
G8100;937
G8101;743
G8108;743
G811;937
G819;743
G820;707
G8200;707
G8201;707
G8209;707
G821;777
G8210;777
G8211;777
G8219;777
G822;777
G8220;777
G8221;777
G823;707
G8230;707
G8231;707
G8239;707
G824;1015
G8240;1015
G8241;1015
G8249;1015
G825;1015
G8250;1015
G8251;1015
G830;706
G831;706
G832;172
G834;351
G835;706
G910;949
G911;949
G912;949
G913;949
G918;949
G919;949
G92;380
G931;119
G932;910
G934;773
G935;611
G936;928
G937;168
G938;96
G940;890
G941;890
G942;890
G943;890
G948;690
G950;806
G951;806
G952;60
G958;480
G960;645
G970;744
G971;744
G972;899
G990;639
H000;384
H010;71
H050;261
H051;261
H055;71
H061;71
H160;71
H161;71
H162;71
H163;71
H164;71
H168;71
H169;71
H191;596
H192;596
H193;596
H3200;71
H3201;71
H3208;71
H340;836
H341;836
H342;836
H350;71
H351;71
H356;1006
H360;366
H368;677
H431;709
H440;138
H441;71
H450;709
H451;71
H471;844
H490;71
H492;71
H493;71
H540;586
H541;586
H601;564
H602;427
H700;467
H701;467
H702;467
H708;467
H709;467
H750;467
H812;925
H830;925
H831;925
H912;410
H951;676
I1100;87
I1101;87
I1102;87
I1109;87
I1300;358
I1301;358
I1302;358
I1309;358
I131;358
I1320;358
I1321;358
I1322;358
I1329;358
I139;683
I200;748
I2100;443
I21000;443
I2108;874
I2110;443
I21100;443
I2118;874
I2120;443
I21200;443
I2128;874
I2130;443
I21300;443
I2138;874
I2140;443
I21400;443
I2148;874
I2190;874
I21900;874
I2198;874
I2200;443
I22000;443
I2208;443
I2210;443
I22100;443
I2218;443
I2280;443
I22800;443
I2288;443
I2290;443
I22900;443
I2298;443
I230;840
I231;840
I232;840
I233;840
I234;840
I235;840
I236;840
I238;840
I240;215
I260;1017
I269;705
I270;133
I272;628
I278;628
I279;963
I300;58
I301;455
I308;58
I309;600
I310;725
I311;725
I312;331
I313;512
I318;725
I319;761
I320;618
I321;618
I328;148
I330;618
I339;318
I400;171
I401;171
I408;171
I409;83
I410;208
I411;208
I412;208
I418;208
I426;551
I442;1032
I455;181
I460;305
I461;488
I469;488
I480;935
I481;935
I482;935
I483;935
I484;935
I489;935
I490;135
I5000;700
I5001;700
I5002;700
I5009;700
I5010;700
I5011;700
I5012;700
I5019;700
I509;700
I512;734
I513;734
I514;362
I600;442
I601;442
I602;442
I603;442
I604;442
I605;442
I606;442
I607;442
I608;442
I609;442
I610;46
I611;46
I612;46
I613;442
I614;442
I615;46
I616;46
I618;46
I619;46
I620;442
I621;442
I629;46
I630;265
I631;265
I632;265
I633;265
I634;265
I635;265
I636;265
I638;265
I639;265
I64;371
I650;643
I651;643
I660;25
I661;25
I662;25
I663;25
I664;25
I668;25
I669;25
I673;724
I674;11
I675;214
I676;803
I680;933
I681;336
I682;933
I688;933
I7001;733
I701;733
I7021;733
I7081;733
I7091;733
I710;533
I711;533
I713;533
I715;533
I718;533
I720;539
I721;539
I722;539
I723;539
I724;539
I725;539
I726;539
I728;539
I740;593
I741;593
I742;593
I743;593
I744;94
I745;593
I748;94
I772;295
I792;971
I800;1019
I801;1019
I802;1019
I803;1019
I808;105
I809;1019
I81;972
I820;939
I821;222
I822;711
I823;222
I828;222
I829;602
I830;729
I831;729
I832;729
I850;357
I890;475
I891;833
I898;981
I950;701
I951;1031
I952;701
I970;504
I971;218
I972;310
I981;603
I983;388
J012;931
J013;931
J014;931
J050;91
J051;91
J09;1001
J100;1001
J110;246
J120;560
J121;560
J122;560
J123;560
J128;560
J13;886
J14;886
J150;590
J151;590
J152;590
J153;590
J154;66
J155;590
J156;590
J157;66
J158;66
J159;66
J160;886
J168;886
J170;886
J172;886
J173;886
J178;886
J180;206
J181;206
J182;206
J188;206
J189;206
J200;532
J201;532
J202;532
J203;532
J204;532
J205;532
J206;532
J207;532
J208;532
J209;532
J210;905
J211;905
J218;905
J219;905
J370;468
J371;468
J380;827
J384;609
J390;23
J391;23
J411;506
J440;490
J441;534
J47;865
J680;131
J681;131
J690;338
J691;583
J698;583
J700;378
J702;378
J703;378
J704;378
J80;866
J81;14
J82;316
J840;753
J841;753
J848;753
J850;314
J851;399
J852;399
J853;399
J860;908
J869;908
J90;458
J91;562
J930;881
J931;881
J938;881
J939;881
J940;722
J941;778
J942;236
J948;317
J950;51
J951;738
J952;738
J953;738
J954;738
J955;368
J960;822
J9600;822
J9601;822
J9609;822
J961;145
J961;2
J9610;145
J96100;145
J96101;145
J9611;145
J96110;145
J96111;145
J9619;145
J96190;145
J96191;145
J969;308
J9690;308
J9691;308
J9699;308
J981;849
J982;574
J983;144
J985;381
K040;693
K041;693
K044;693
K046;426
K047;426
K052;430
K102;872
K103;584
K112;847
K113;847
K114;847
K122;183
K123;183
K140;61
K20;528
K221;230
K222;260
K223;604
K225;230
K230;411
K231;573
K2380;573
K2381;573
K2388;573
K250;656
K251;829
K252;656
K253;829
K254;656
K255;829
K256;656
K260;656
K261;829
K262;656
K263;829
K264;656
K265;829
K266;656
K270;950
K271;950
K272;950
K274;950
K275;950
K276;950
K280;382
K281;382
K282;382
K290;662
K291;75
K292;662
K298;75
K310;798
K311;798
K312;798
K313;798
K314;798
K315;4
K316;798
K352;912
K353;912
K400;185
K401;185
K403;185
K404;185
K410;185
K411;187
K413;185
K414;187
K420;580
K421;580
K430;591
K431;591
K433;591
K434;591
K436;591
K437;591
K440;285
K441;62
K450;185
K451;185
K460;345
K461;794
K520;408
K521;408
K550;623
K560;29
K562;108
K563;116
K564;116
K565;1005
K566;1005
K567;29
K570;979
K572;979
K574;979
K578;979
K604;1025
K605;1025
K610;775
K611;775
K612;775
K613;775
K614;775
K625;864
K626;192
K630;486
K631;486
K632;486
K633;128
K650;491
K658;491
K659;491
K661;102
K670;123
K671;651
K672;37
K673;255
K700;234
K701;129
K702;129
K703;234
K704;329
K709;234
K710;897
K711;897
K712;897
K713;897
K714;897
K715;897
K716;897
K717;897
K718;897
K719;889
K720;518
K721;224
K729;224
K750;784
K751;599
K752;210
K753;210
K761;210
K762;210
K763;924
K765;210
K767;884
K770;407
K800;279
K801;279
K802;279
K803;279
K804;279
K805;279
K808;279
K810;197
K811;197
K818;197
K819;313
K820;90
K821;90
K822;90
K823;90
K830;625
K831;80
K832;90
K833;90
K835;736
K850;239
K851;239
K852;296
K853;239
K858;296
K859;296
K860;991
K861;991
K861;2
K862;356
K863;356
K868;526
K8700;90
K902;110
K910;43
K912;16
K913;787
K914;56
K920;170
K921;1021
K922;193
K930;383
K931;892
K93820;281
K93830;136
K93840;136
L00;447
L020;746
L021;79
L022;79
L023;190
L024;79
L028;746
L029;294
L031;385
L032;715
L033;69
L038;715
L039;406
L080;340
L081;340
L088;213
L089;416
L120;5
L121;5
L122;5
L123;5
L128;5
L129;5
L130;473
L131;473
L138;473
L139;44
L14;473
L210;473
L218;473
L219;473
L270;1010
L271;1010
L278;1010
L281;473
L282;473
L300;1010
L301;1010
L302;1010
L303;109
L304;959
L305;1010
L308;1010
L401;473
L5120;200
L5129;1039
L52;473
L530;1010
L560;280
L561;280
L598;280
L710;666
L711;666
L718;666
L719;666
L88;280
L890;173
L891;173
L892;173
L893;173
L899;173
L950;280
L951;280
L958;280
L959;280
L97;369
L981;970
L982;970
L983;970
L984;684
L985;970
L986;970
M000;735
M0000;735
M0001;735
M0002;735
M0003;735
M0004;735
M0005;735
M0006;735
M0007;735
M0008;735
M0009;735
M001;735
M0010;735
M0011;735
M0012;735
M0013;735
M0014;735
M0015;735
M0016;735
M0017;735
M0018;735
M0019;735
M002;735
M0020;735
M0021;735
M0022;735
M0023;735
M0024;735
M0025;735
M0026;735
M0027;735
M0028;735
M0029;735
M008;735
M0080;735
M0081;735
M0082;735
M0083;735
M0084;735
M0085;735
M0086;735
M0087;735
M0088;735
M0089;735
M009;735
M0090;735
M0091;735
M0092;735
M0093;735
M0094;735
M0095;735
M0096;735
M0097;735
M0098;735
M0099;735
M010;561
M0100;561
M0101;561
M0102;561
M0103;561
M0104;561
M0105;561
M0106;561
M0107;561
M0108;561
M0109;561
M011;561
M0110;561
M0111;561
M0112;561
M0113;561
M0114;561
M0115;561
M0116;561
M0117;561
M0118;561
M0119;561
M013;561
M0130;561
M0131;561
M0132;561
M0133;561
M0134;561
M0135;561
M0136;561
M0137;561
M0138;561
M0139;561
M014;561
M0140;561
M0141;561
M0142;561
M0143;561
M0144;561
M0145;561
M0146;561
M0147;561
M0148;561
M0149;561
M015;561
M0150;561
M0151;561
M0152;561
M0153;561
M0154;561
M0155;561
M0156;561
M0157;561
M0158;561
M0159;561
M016;641
M0160;641
M0161;641
M0162;641
M0163;641
M0164;641
M0165;641
M0166;641
M0167;641
M0168;641
M0169;641
M018;788
M0180;788
M0181;788
M0182;788
M0183;788
M0184;788
M0185;788
M0186;788
M0187;788
M0188;788
M0189;788
M020;454
M0200;454
M0201;454
M0202;454
M0203;454
M0204;454
M0205;454
M0206;454
M0207;454
M0208;454
M0209;454
M021;454
M0210;454
M0211;454
M0212;454
M0213;454
M0214;454
M0215;454
M0216;454
M0217;454
M0218;454
M0219;454
M022;454
M0220;454
M0221;454
M0222;454
M0223;454
M0224;454
M0225;454
M0226;454
M0227;454
M0228;454
M0229;454
M023;1029
M0230;1029
M0231;1029
M0232;1029
M0233;1029
M0234;1029
M0235;1029
M0236;1029
M0237;1029
M0238;1029
M0239;1029
M028;454
M0280;454
M0281;454
M0282;454
M0283;454
M0284;454
M0285;454
M0286;454
M0287;454
M0288;454
M0289;454
M029;1029
M0290;1029
M0291;1029
M0292;1029
M0293;1029
M0294;1029
M0295;1029
M0296;1029
M0297;1029
M0298;1029
M0299;1029
M030;837
M0300;837
M0301;837
M0302;837
M0303;837
M0304;837
M0305;837
M0306;837
M0307;837
M0308;837
M0309;837
M031;626
M0310;626
M0311;626
M0312;626
M0313;626
M0314;626
M0315;626
M0316;626
M0317;626
M0318;626
M0319;626
M032;837
M0320;837
M0321;837
M0322;837
M0323;837
M0324;837
M0325;837
M0326;837
M0327;837
M0328;837
M0329;837
M036;837
M0360;837
M0361;837
M0362;837
M0363;837
M0364;837
M0365;837
M0366;837
M0367;837
M0368;837
M0369;837
M100;672
M1000;672
M1001;672
M1002;672
M1003;672
M1004;672
M1005;672
M1006;672
M1007;672
M1008;672
M1009;672
M101;672
M1010;672
M1011;672
M1012;672
M1013;672
M1014;672
M1015;672
M1016;672
M1017;672
M1018;672
M1019;672
M102;672
M1020;672
M1021;672
M1022;672
M1023;672
M1024;672
M1025;672
M1026;672
M1027;672
M1028;672
M1029;672
M103;672
M1030;672
M1031;672
M1032;672
M1033;672
M1034;672
M1035;672
M1036;672
M1037;672
M1038;672
M1039;672
M104;672
M1040;672
M1041;672
M1042;672
M1043;672
M1044;672
M1045;672
M1046;672
M1047;672
M1048;672
M1049;672
M109;672
M1090;672
M1091;672
M1092;672
M1093;672
M1094;672
M1095;672
M1096;672
M1097;672
M1098;672
M1099;672
M110;48
M1100;48
M1101;48
M1102;48
M1103;48
M1104;48
M1105;48
M1106;48
M1107;48
M1108;48
M1109;48
M111;48
M1110;48
M1111;48
M1112;48
M1113;48
M1114;48
M1115;48
M1116;48
M1117;48
M1118;48
M1119;48
M112;48
M1120;48
M1121;48
M1122;48
M1123;48
M1124;48
M1125;48
M1126;48
M1127;48
M1128;48
M1129;48
M118;48
M1180;48
M1181;48
M1182;48
M1183;48
M1184;48
M1185;48
M1186;48
M1187;48
M1188;48
M1189;48
M119;48
M1190;48
M1191;48
M1192;48
M1193;48
M1194;48
M1195;48
M1196;48
M1197;48
M1198;48
M1199;48
M140;124
M141;124
M142;237
M146;237
M250;176
M2500;176
M2501;176
M2502;176
M2503;176
M2504;176
M2505;176
M2506;176
M2507;176
M2508;176
M2509;176
M251;176
M2510;176
M2511;176
M2512;176
M2513;176
M2514;176
M2515;176
M2516;176
M2517;176
M2518;176
M2519;176
M300;732
M301;732
M302;732
M303;732
M308;732
M310;947
M311;816
M313;830
M314;947
M315;947
M316;947
M317;947
M318;947
M360;63
M361;63
M362;63
M363;63
M364;63
M368;63
M460;861
M4600;861
M4601;861
M4602;861
M4603;861
M4604;861
M4605;861
M4606;861
M4607;861
M4608;861
M4609;861
M461;861
M4618;861
M462;70
M4620;70
M4621;70
M4622;70
M4623;70
M4624;70
M4625;70
M4626;70
M4627;70
M4628;70
M4629;70
M463;654
M4630;654
M4632;654
M4633;654
M4634;654
M4635;654
M4636;654
M4637;654
M4639;654
M464;654
M4640;654
M4642;654
M4643;654
M4644;654
M4645;654
M4646;654
M4647;654
M4649;654
M465;704
M4650;704
M4651;704
M4652;704
M4653;704
M4654;704
M4655;704
M4656;704
M4657;704
M4658;704
M4659;704
M468;654
M4680;654
M4681;654
M4682;654
M4683;654
M4684;654
M4685;654
M4686;654
M4687;654
M4688;654
M4689;654
M469;776
M4690;776
M4691;776
M4692;776
M4693;776
M4694;776
M4695;776
M4696;776
M4697;776
M4698;776
M4699;776
M481;861
M4810;861
M4811;861
M4812;861
M4813;861
M4814;861
M4815;861
M4816;861
M4817;861
M4818;861
M4819;861
M482;861
M4820;861
M4821;861
M4822;861
M4823;861
M4824;861
M4825;861
M4826;861
M4827;861
M4829;861
M483;861
M4830;861
M4831;861
M4832;861
M4833;861
M4834;861
M4835;861
M4836;861
M4837;861
M4838;861
M4839;861
M484;861
M4840;861
M4841;861
M4842;861
M4843;861
M4844;861
M4845;861
M4846;861
M4847;861
M4848;861
M4849;861
M485;167
M4850;167
M4851;167
M4852;167
M4853;167
M4854;167
M4855;167
M4856;167
M4857;167
M4858;167
M4859;167
M490;861
M4900;861
M4901;861
M4902;861
M4903;861
M4904;861
M4905;861
M4906;861
M4907;861
M4908;861
M4909;861
M491;861
M4910;861
M4911;861
M4912;861
M4913;861
M4914;861
M4915;861
M4916;861
M4917;861
M4918;861
M4919;861
M492;861
M4920;861
M4921;861
M4922;861
M4923;861
M4924;861
M4925;861
M4926;861
M4927;861
M4928;861
M4929;861
M493;861
M4930;861
M4931;861
M4932;861
M4933;861
M4934;861
M4935;861
M4936;861
M4937;861
M4938;861
M4939;861
M495;167
M4950;167
M4951;167
M4952;167
M4953;167
M4954;167
M4955;167
M4956;167
M4957;167
M4958;167
M4959;167
M543;418
M5430;418
M5436;418
M5437;418
M5438;418
M5439;418
M544;418
M5440;418
M5446;418
M5447;418
M5448;418
M5449;418
M600;756
M6000;756
M6001;756
M6002;756
M6003;756
M6004;756
M6005;756
M6006;756
M6007;756
M6008;756
M6009;756
M612;907
M6120;907
M6121;907
M6122;907
M6123;907
M6124;907
M6125;907
M6126;907
M6127;907
M6128;907
M6129;907
M613;907
M6130;907
M6131;907
M6132;907
M6133;907
M6134;907
M6135;907
M6136;907
M6137;907
M6138;907
M6139;907
M622;640
M6220;640
M6221;640
M6222;640
M6223;640
M6224;640
M6225;640
M6226;640
M6227;640
M6228;640
M6229;640
M623;640
M6230;640
M6231;640
M6232;640
M6233;640
M6234;640
M6235;640
M6236;640
M6237;640
M6238;640
M6239;640
M62800;640
M62810;640
M62820;640
M62830;640
M62840;640
M62850;640
M62860;640
M62870;640
M62880;640
M62890;487
M630;387
M631;648
M632;322
M650;466
M6500;466
M6501;466
M6502;466
M6503;466
M6504;466
M6505;466
M6506;466
M6507;466
M6508;466
M6509;466
M651;466
M6510;466
M6511;466
M6512;466
M6513;466
M6514;466
M6515;466
M6516;466
M6517;466
M6518;466
M6519;466
M660;653
M6606;653
M661;653
M6610;653
M6611;653
M6612;653
M6613;653
M6614;653
M6615;653
M6617;653
M6618;653
M6619;653
M662;653
M6620;653
M6621;653
M6622;653
M6623;653
M6624;653
M6625;653
M6626;653
M6627;653
M6628;653
M6629;653
M663;653
M6630;653
M6631;653
M6632;653
M6633;653
M6634;653
M6635;653
M6636;653
M6637;653
M6638;653
M6639;653
M664;653
M6640;653
M6641;653
M6642;653
M6643;653
M6644;653
M6645;653
M6646;653
M6647;653
M6648;653
M6649;653
M665;857
M6650;857
M6651;857
M6652;857
M6653;857
M6654;857
M6655;857
M6656;857
M6657;857
M6658;857
M6659;857
M680;640
M710;387
M7100;387
M7101;387
M7102;387
M7103;387
M7104;387
M7105;387
M7106;387
M7107;387
M7108;387
M7109;387
M711;387
M7110;387
M7111;387
M7112;387
M7113;387
M7114;387
M7115;387
M7116;387
M7117;387
M7118;387
M7119;387
M726;640
M7260;640
M7261;640
M7262;640
M7263;640
M7264;640
M7265;640
M7266;640
M7267;640
M7268;640
M7269;640
M730;15
M7300;15
M7301;15
M7302;15
M7303;15
M7304;15
M7305;15
M7306;15
M7307;15
M7308;15
M7309;15
M731;501
M7310;501
M7311;501
M7312;501
M7313;501
M7314;501
M7315;501
M7316;501
M7317;501
M7318;501
M7319;501
M800;708
M8000;708
M8001;708
M8002;708
M8003;708
M8004;708
M8005;708
M8006;708
M8007;708
M8008;708
M8009;708
M801;708
M8010;708
M8011;708
M8012;708
M8013;708
M8014;708
M8015;708
M8016;708
M8017;708
M8018;708
M8019;708
M802;708
M8020;708
M8021;708
M8022;708
M8023;708
M8024;708
M8025;708
M8026;708
M8027;708
M8028;708
M8029;708
M803;708
M8030;708
M8031;708
M8032;708
M8033;708
M8034;708
M8035;708
M8036;708
M8037;708
M8038;708
M8039;708
M804;708
M8040;708
M8041;708
M8042;708
M8043;708
M8044;708
M8045;708
M8046;708
M8047;708
M8048;708
M8049;708
M805;708
M8050;708
M8051;708
M8052;708
M8053;708
M8054;708
M8055;708
M8056;708
M8057;708
M8058;708
M8059;708
M808;708
M8080;708
M8081;708
M8082;708
M8083;708
M8084;708
M8085;708
M8086;708
M8087;708
M8088;708
M8089;708
M809;708
M8090;708
M8091;708
M8092;708
M8093;708
M8094;708
M8095;708
M8096;708
M8097;708
M8098;708
M8099;708
M820;860
M8200;860
M8201;860
M8202;860
M8203;860
M8204;860
M8205;860
M8206;860
M8207;860
M8208;860
M8209;860
M831;790
M8310;790
M8311;790
M8312;790
M8313;790
M8314;790
M8315;790
M8316;790
M8317;790
M8318;790
M8319;790
M8415;790
M8416;790
M844;708
M8440;708
M8441;708
M8442;708
M8443;708
M8444;708
M8445;708
M8446;708
M8447;708
M8448;708
M8449;708
M853;790
M8530;790
M8531;790
M8532;790
M8533;790
M8534;790
M8535;790
M8536;790
M8537;790
M8538;790
M8539;790
M860;703
M8600;703
M8601;703
M8602;703
M8603;703
M8604;703
M8605;703
M8606;703
M8607;703
M8608;703
M8609;703
M861;818
M8610;818
M8611;818
M8612;818
M8613;818
M8614;818
M8615;818
M8616;818
M8617;818
M8618;818
M8619;818
M862;750
M8620;750
M8621;750
M8622;750
M8623;750
M8624;750
M8625;750
M8626;750
M8627;750
M8628;750
M8629;750
M863;750
M8630;750
M8631;750
M8632;750
M8633;750
M8634;750
M8635;750
M8636;750
M8637;750
M8638;750
M8639;750
M864;750
M8640;750
M8641;750
M8642;750
M8643;750
M8644;750
M8645;750
M8646;750
M8647;750
M8648;750
M8649;750
M865;750
M8650;750
M8651;750
M8652;750
M8653;750
M8654;750
M8655;750
M8656;750
M8657;750
M8658;750
M8659;750
M866;750
M8660;750
M8661;750
M8662;750
M8663;750
M8664;750
M8665;750
M8666;750
M8667;750
M8668;750
M8669;750
M868;750
M8680;750
M8681;750
M8682;750
M8683;750
M8684;750
M8685;750
M8686;750
M8687;750
M8688;750
M8689;750
M869;147
M8690;147
M8691;147
M8692;147
M8693;147
M8694;147
M8695;147
M8696;147
M8697;147
M8698;147
M8699;147
M880;228
M888;228
M8880;228
M8881;228
M8882;228
M8883;228
M8884;228
M8885;228
M8886;228
M8887;228
M8888;228
M889;228
M8890;228
M8899;228
M890;531
M8900;531
M8901;531
M8902;531
M8903;531
M8904;531
M8905;531
M8906;531
M8907;531
M8908;531
M8909;531
M894;531
M8940;531
M8941;531
M8942;531
M8943;531
M8944;531
M8945;531
M8946;531
M8947;531
M8948;531
M8949;531
M895;531
M8950;531
M8951;531
M8952;531
M8953;531
M8954;531
M8955;531
M8956;531
M8957;531
M8958;531
M8959;531
M896;497
M8960;497
M8961;497
M8962;497
M8963;497
M8964;497
M8965;497
M8966;497
M8967;497
M8968;497
M8969;497
M900;35
M9000;35
M9001;35
M9002;35
M9003;35
M9004;35
M9005;35
M9006;35
M9007;35
M9008;35
M9009;35
M901;391
M9010;391
M9011;391
M9012;391
M9013;391
M9014;391
M9015;391
M9016;391
M9017;391
M9018;391
M9019;391
M902;115
M9020;115
M9021;115
M9022;115
M9023;115
M9024;115
M9025;115
M9026;115
M9027;115
M9028;115
M9029;115
M903;790
M9030;790
M9031;790
M9032;790
M9033;790
M9034;790
M9035;790
M9036;790
M9037;790
M9038;790
M9039;790
M904;790
M9040;790
M9041;790
M9042;790
M9043;790
M9044;790
M9045;790
M9046;790
M9047;790
M9048;790
M9049;790
M906;790
M9060;790
M9061;790
M9062;790
M9063;790
M9064;790
M9065;790
M9066;790
M9067;790
M9068;790
M9069;790
M907;790
M9070;790
M9071;790
M9072;790
M9073;790
M9074;790
M9075;790
M9076;790
M9077;790
M9078;790
M9079;790
M960;550
M961;550
M962;550
M963;550
M964;550
M965;550
M966;550
M991;424
M9910;424
M9911;424
M9912;424
M9913;424
M9914;424
M9915;424
M9916;424
M9917;424
M9918;424
M9919;424
M992;424
M9920;424
M9921;424
M9922;424
M9923;424
M9924;424
M993;424
M9930;424
M9931;424
M9932;424
M9933;424
M9934;424
M994;424
M9940;424
M9941;424
M9942;424
M9943;424
M9944;424
M995;424
M9951;424
M9952;424
M9953;424
M996;424
M9960;424
M9961;424
M9962;424
M9963;424
M997;424
M9971;424
M9972;424
M9973;424
N080;139
N081;139
N083;965
N10;95
N110;92
N111;92
N130;9
N131;9
N132;9
N133;9
N134;440
N136;440
N140;607
N141;607
N142;607
N143;607
N144;607
N150;1004
N151;823
N170;229
N171;229
N172;229
N178;766
N179;766
N251;438
N258;920
N259;438
N280;920
N300;398
N312;1003
N321;615
N322;615
N324;508
N330;431
N340;175
N360;462
N410;665
N412;665
N413;665
N418;516
N419;516
N431;434
N450;39
N459;39
N481;41
N482;476
N485;767
N490;476
N491;476
N492;476
N498;476
N510;41
N511;39
N512;41
N730;698
N731;698
N732;698
N733;698
N734;698
N735;698
N760;31
N764;238
N766;31
N770;31
N771;31
N820;646
N821;646
N822;875
N823;875
N824;875
N825;646
N828;646
N829;875
N837;934
N990;17
N995;184
O11;523
O140;523
O141;523
O142;523
O149;523
O150;523
O151;523
O152;523
O159;523
O25;321
O420;901
O421;901
O422;901
O429;901
O430;587
O431;587
O432;587
O438;587
O439;587
O440;587
O441;45
O450;587
O458;587
O459;587
O470;944
O600;471
O880;34
O881;34
O882;34
O883;34
O888;34
P000;179
P001;179
P002;179
P003;179
P004;179
P005;179
P006;179
P007;179
P008;179
P009;179
P010;179
P011;179
P012;179
P013;179
P014;179
P015;179
P016;179
P017;179
P018;179
P019;179
P020;179
P021;926
P022;926
P023;179
P024;179
P025;179
P026;179
P027;179
P028;179
P029;926
P030;302
P031;302
P032;302
P033;302
P034;302
P035;302
P036;302
P038;302
P039;302
P040;179
P041;179
P042;179
P043;179
P044;179
P045;179
P046;179
P048;179
P049;179
P050;207
P051;207
P052;207
P059;207
P070;1023
P072;1023
P100;691
P101;691
P102;691
P103;691
P104;691
P108;691
P109;691
P150;156
P151;156
P152;156
P153;342
P154;156
P155;156
P156;156
P200;955
P201;955
P209;955
P210;955
P211;955
P219;127
P220;32
P221;245
P228;245
P229;32
P230;579
P231;579
P232;579
P233;579
P234;579
P235;579
P236;579
P238;579
P239;579
P240;1002
P241;1002
P242;1002
P243;1002
P248;1002
P249;1002
P250;559
P251;559
P252;559
P253;559
P258;559
P260;33
P261;33
P268;33
P269;33
P270;644
P271;644
P278;644
P279;484
P280;895
P281;895
P282;538
P283;659
P284;659
P285;659
P288;659
P290;955
P291;955
P292;955
P293;955
P294;955
P298;955
P299;955
P3600;678
P3609;678
P3610;678
P3619;678
P3620;678
P3629;678
P3630;678
P3639;678
P3640;678
P3649;678
P3650;678
P3659;678
P3680;678
P3689;678
P3690;678
P520;289
P521;289
P522;289
P523;289
P524;289
P525;289
P526;289
P528;289
P529;289
P53;997
P540;304
P541;304
P542;496
P543;304
P544;82
P546;82
P548;82
P549;496
P590;100
P591;100
P592;100
P593;100
P60;555
P610;413
P611;413
P612;413
P613;413
P614;413
P615;413
P616;413
P618;413
P700;542
P701;542
P702;542
P703;1028
P704;1028
P708;470
P709;820
P710;568
P711;568
P712;568
P713;568
P714;59
P718;568
P719;59
P720;986
P721;40
P722;986
P728;986
P729;40
P740;12
P741;12
P742;12
P743;12
P744;12
P745;12
P748;12
P75;828
P760;622
P761;622
P762;622
P768;622
P769;903
P77;47
P780;692
P781;692
P783;402
P800;612
P808;612
P809;612
P90;1024
P910;114
P911;978
P912;978
P913;50
P914;57
P915;376
P916;57
P917;57
P922;717
P923;717
P925;717
P940;977
P941;977
P942;977
P948;977
P949;977
P961;763
P962;763
Q050;549
Q051;549
Q052;549
Q053;549
Q054;549
Q055;549
Q056;549
Q057;549
Q058;549
Q059;549
Q060;917
Q061;917
Q062;917
Q063;917
Q064;917
Q068;917
Q069;917
Q250;723
Q282;655
Q283;655
Q300;97
Q310;293
Q311;293
Q312;293
Q313;293
Q315;293
Q318;293
Q319;293
Q330;141
Q331;141
Q332;141
Q333;141
Q334;355
Q335;141
Q336;987
Q338;987
Q339;660
Q340;742
Q341;742
Q348;742
Q410;658
Q411;631
Q412;631
Q418;631
Q419;658
Q420;883
Q421;883
Q422;883
Q423;883
Q428;883
Q910;993
Q911;993
Q912;993
Q913;993
Q914;993
Q915;993
Q916;993
Q917;993
R02;203
R042;554
R048;554
R092;186
R18;779
R2630;521
R270;55
R296;771
R33;1037
R34;459
R400;688
R4010;337
R4018;337
R4020;178
R4028;178
R410;319
R440;153
R441;282
R442;553
R443;553
R4700;811
R4701;811
R4702;811
R4703;811
R471;636
R5210;320
R5218;320
R522;870
R54;4
R568;54
R570;335
R571;235
R572;813
R578;1011
R579;786
R601;838
R630;99
R634;695
R64;106
R650;93
R652;667
R653;1030
R659;460
S0200;529
S0201;529
S0210;616
S0211;616
S0230;159
S0231;159
S0240;728
S0241;728
S0260;728
S0261;728
S0270;529
S0271;529
S0280;529
S0281;529
S030;1042
S034;1042
S052;536
S053;536
S054;536
S055;536
S056;536
S057;536
S061;243
S0610;243
S0611;243
S062;243
S0620;243
S0621;243
S063;996
S0630;996
S0631;996
S064;996
S0640;996
S0641;996
S065;996
S0650;996
S0651;996
S066;996
S0660;996
S0661;996
S067;994
S0670;994
S0671;994
S068;996
S0680;996
S0681;996
S110;78
S111;288
S112;78
S1200;121
S1201;121
S1210;121
S1211;121
S1220;713
S1221;713
S1270;936
S1271;936
S1280;620
S1281;620
S1290;1043
S1291;1043
S130;936
S131;936
S132;936
S133;936
S140;370
S141;370
S143;730
S150;714
S151;714
S153;714
S157;714
S170;78
S178;288
S179;78
S2200;162
S2201;162
S2210;162
S2211;162
S2220;522
S2221;522
S2230;522
S2231;522
S2240;522
S2241;522
S2250;522
S2251;522
S240;938
S241;938
S250;974
S251;772
S252;772
S253;772
S254;772
S257;772
S2580;772
S260;182
S2600;182
S2601;182
S268;182
S2680;182
S2681;182
S269;182
S2690;182
S2691;182
S270;632
S2700;632
S2701;632
S271;632
S2710;632
S2711;632
S272;632
S2720;632
S2721;632
S273;632
S2730;632
S2731;632
S274;632
S2740;632
S2741;632
S275;721
S2750;721
S2751;721
S276;632
S2760;632
S2761;632
S277;76
S2770;76
S2771;76
S278;891
S2780;891
S2781;891
S3200;751
S3201;751
S3210;751
S3211;751
S3220;697
S3221;697
S3230;597
S3231;597
S3240;597
S3241;597
S3250;697
S3251;697
S3270;697
S3271;697
S3280;697
S3281;697
S330;269
S331;269
S332;269
S333;269
S334;269
S335;269
S336;269
S337;269
S340;859
S341;859
S343;859
S350;943
S351;943
S352;943
S353;943
S354;943
S355;943
S357;943
S358;943
S359;943
S360;257
S3600;257
S3601;257
S361;257
S3610;257
S3611;257
S362;605
S3620;605
S3621;605
S363;453
S3630;453
S3631;453
S364;453
S3640;453
S3641;453
S365;453
S3650;453
S3651;453
S366;453
S3660;453
S3661;453
S367;558
S3670;558
S3671;558
S368;558
S3680;558
S3681;558
S369;68
S3690;68
S3691;68
S370;527
S3700;527
S3701;527
S371;983
S3710;983
S3711;983
S372;312
S3720;312
S3721;312
S373;312
S3730;312
S3731;312
S377;312
S3770;312
S3771;312
S37800;312
S37808;312
S37810;312
S37818;312
S380;397
S382;397
S4200;988
S4201;988
S4210;104
S4211;104
S4220;104
S4221;104
S4230;104
S4231;104
S4240;104
S4241;104
S4270;104
S4271;104
S4280;104
S4281;104
S4290;988
S4291;988
S430;785
S434;785
S460;785
S47;2
S480;785
S481;785
S489;785
S5200;478
S5201;478
S5210;134
S5211;134
S5220;478
S5221;478
S5230;478
S5231;478
S5240;478
S5241;478
S5250;478
S5251;478
S5260;478
S5261;478
S5270;478
S5271;478
S5280;478
S5281;478
S5290;134
S5291;134
S570;359
S578;359
S579;359
S580;359
S581;359
S589;359
S6200;1035
S6201;1035
S6210;1035
S6211;1035
S6220;1035
S6221;1035
S6230;1035
S6231;1035
S6240;1035
S6241;1035
S6250;1035
S6251;1035
S6260;1035
S6261;1035
S6270;1035
S6271;1035
S6280;1035
S6281;1035
S700;65
S701;65
S710;103
S711;103
S717;103
S718;103
S7200;103
S7201;103
S7210;103
S7211;103
S7220;103
S7221;103
S7230;103
S7231;103
S7240;89
S7241;89
S7270;103
S7271;103
S7280;103
S7281;103
S7290;89
S7291;89
S730;509
S740;103
S741;103
S742;103
S747;103
S748;103
S749;103
S750;3
S751;3
S752;3
S757;3
S758;3
S759;3
S760;103
S761;103
S762;103
S763;103
S764;103
S767;103
S770;103
S771;103
S772;103
S780;103
S781;103
S789;103
S8200;231
S8201;231
S8210;231
S8211;231
S8220;231
S8221;231
S8230;638
S8231;638
S8240;231
S8241;231
S8250;638
S8251;638
S8260;638
S8261;638
S8270;638
S8271;638
S8280;638
S8281;638
S8290;638
S8291;638
S830;220
S831;220
S832;220
S833;216
S840;231
S841;231
S842;231
S847;231
S848;231
S849;231
S850;463
S851;463
S852;463
S853;463
S854;463
S855;463
S857;463
S858;463
S859;463
S860;231
S861;231
S862;231
S863;231
S867;231
S868;231
S869;231
S870;231
S878;231
S880;347
S881;347
S889;347
S910;946
S911;946
S912;946
S913;946
S917;946
S9200;946
S9201;946
S9210;946
S9211;946
S9220;946
S9221;946
S9230;498
S9231;498
S9240;946
S9241;946
S9250;946
S9251;946
S9270;946
S9271;946
S9290;498
S9291;498
S950;537
S951;537
S952;537
S957;537
S958;537
S959;537
S970;946
S971;946
S978;946
S980;946
S981;946
S982;946
S983;946
S984;946
T182;270
T183;270
T184;270
T202;77
T203;77
T206;77
T207;77
T213;77
T215;77
T216;77
T217;77
T223;77
T226;77
T227;77
T233;77
T236;77
T237;77
T242;77
T243;77
T246;77
T247;77
T252;77
T253;77
T256;77
T257;77
T270;966
T271;966
T272;966
T274;966
T275;966
T285;24
T286;244
T287;244
T288;191
T289;598
T3130;77
T3131;77
T3140;77
T3141;77
T3150;77
T3151;77
T316;77
T317;77
T318;77
T319;77
T321;77
T322;77
T323;77
T324;77
T325;77
T326;77
T327;77
T328;77
T329;77
T340;482
T341;482
T342;482
T343;482
T344;482
T345;482
T346;482
T347;482
T348;482
T349;482
T351;482
T450;543
T451;543
T452;543
T453;543
T454;543
T455;543
T456;543
T457;543
T458;543
T459;543
T460;720
T461;720
T462;720
T463;720
T464;720
T465;720
T466;720
T467;720
T468;720
T469;720
T68;3
T71;649
T740;915
T741;915
T742;915
T743;915
T748;915
T749;915
T790;510
T791;510
T793;18
T794;792
T795;877
T796;1000
T797;699
T800;510
T801;325
T802;962
T810;826
T812;449
T8130;1034
T8138;764
T814;749
T816;365
T817;796
T818;42
T820;404
T821;404
T822;324
T826;395
T827;332
T830;268
T832;113
T835;441
T840;6
T841;189
T842;189
T843;6
T844;6
T845;333
T846;845
T847;494
T848;326
T849;814
T8558;682
T856;1044
T857;393
T8600;474
T8601;474
T8602;474
T8609;474
T861;819
T862;474
T863;831
T864;474
T8680;855
T8681;855
T8682;855
T8683;1020
T8684;855
T8685;855
T8688;855
T870;225
T871;225
T872;225
T873;202
T874;769
T875;225
T876;716
T883;219
U049;886
U820;2
U82100;0
U82180;0
U822;3
U828;2
U829;2
U830;2
U831;3
U832;2
U83700;0
U83701;0
U83710;0
U838;2
U839;2
U841;0
U842;0
U843;0
U900;0
Z227;710
Z290;752
Z370;489
Z3710;489
Z3711;489
Z372;489
Z3730;489
Z3731;489
Z3740;489
Z3741;489
Z375;489
Z3760;489
Z3761;489
Z3770;489
Z3771;489
Z430;334
Z431;853
Z432;633
Z433;633
Z434;957
Z435;507
Z436;507
Z437;107
Z438;755
Z452;868
Z4584;918
Z465;834
Z5100;341
Z5101;372
Z511;341
Z515;341
Z615;647
Z616;647
Z742;740
Z945;344
Z94802;541
Z94803;541
Z94804;541
Z94809;541
Z9482;754
Z952;976
Z953;650
Z954;650
Z982;300
Z990;852
Z991;2
Z994;221
